"Grantmaker.Name","Grantmaker.State","Recipient.Name","Recipient.City","Recipient.State.Country","Primary.Subject","Year.Authorized","Grant.Amount","Support.Strategies","Description"
"Chubb Charitable Foundation","PA","University of Pittsburgh Medical Center","Pittsburgh","PA","Hospital care ",2019,25,"","Matching gifts"
"North Hills Passavant Hospital Foundation","PA","University of Pittsburgh Medical Center","Pittsburgh","PA","Hospital care ",2018,1699996,"","PATIENT IMPROVEMENTS"
"Kathleen Duross Ford Fund Inc Co L Frank Chopin Plc","FL","University of Pittsburgh Medical Center","Pittsburgh","PA","Hospital care ",2018,500000,"Research","Ford Lung Transplant Research Fund."
"Power of 32 Site Development Fund","PA","University of Pittsburgh Medical Center","Pittsburgh","PA","Hospital care ",2018,166629,"","Health-general and rehabilitative"
"The Pittsburgh Foundation","PA","University of Pittsburgh Medical Center","Pittsburgh","PA","Hospital care ",2018,100000,"",""
"The Foundation for Surgical Fellowships","CA","University of Pittsburgh Medical Center","Pittsburgh","PA","Hospital care ",2018,80000,"General support","General Support"
"Tippins Foundation","PA","University of Pittsburgh Medical Center","Pittsburgh","PA","Hospital care ",2018,75000,"","Medical Research"
"Citrone Foundation Inc","CT","University of Pittsburgh Medical Center","Pittsburgh","PA","Health ",2018,50000,"Research","To support the advancement of medical research"
"Huntington's Disease Society of America, Inc.","NY","University of Pittsburgh Medical Center","Pittsburgh","PA","Hospital care ",2018,32000,"","Community Services"
"Staunton Farm Foundation Trust","PA","University of Pittsburgh Medical Center","Pittsburgh","PA","Mental health care ",2018,30000,"","Integrative psychosocial treatment: a harms reduction approach to chronic pain and the opioid crisis"
"The Foundation for Surgical Fellowships","CA","University of Pittsburgh Medical Center","Pittsburgh","PA","Hospital care ",2018,30000,"General support","General Support"
"Jewish Federation of Greater Pittsburgh","PA","University of Pittsburgh Medical Center","Pittsburgh","PA","Hospital care ",2018,25750,"Program support","PROGRAM SUPPORT"
"The Pittsburgh Foundation","PA","University of Pittsburgh Medical Center","Pittsburgh","PA","Hospital care ",2018,25000,"",""
"John H Pelusi Jr and Kathleen J Pelusi Family Foundation","PA","University of Pittsburgh Medical Center","Pittsburgh","PA","Ear, nose and throat diseases ",2018,20000,"","Children&#039; s hospital foundation and the eye and ear foundation"
"The Pittsburgh Foundation","PA","University of Pittsburgh Medical Center","Pittsburgh","PA","Hospital care ",2018,13677,"",""
"Hanover Hospital Auxiliary","PA","University of Pittsburgh Medical Center","Pittsburgh","PA","Hospital care ",2018,10600,"General support","GENERAL SUPPORT"
"Donor Advised Charitable Giving, Inc. (dba: DAFgiving360)","CO","University of Pittsburgh Medical Center","Pittsburgh","PA","Arts councils ",2018,7000,"","ARTS, CULTURE &amp; HUMANITIES"
"The Pittsburgh Foundation","PA","University of Pittsburgh Medical Center","Pittsburgh","PA","Hospital care ",2018,6250,"",""
"The Pittsburgh Foundation","PA","University of Pittsburgh Medical Center","Pittsburgh","PA","Hospital care ",2018,6000,"",""
"The Pittsburgh Foundation","PA","University of Pittsburgh Medical Center","Pittsburgh","PA","Education ",2018,5000,"Scholarships","For scholarship funds."
"Russell Charitable Foundation C/o Andrew K Russell","OR","University of Pittsburgh Medical Center","Pittsburgh","PA","Hospital care ",2018,4200,"","DONATION"
"The Pittsburgh Foundation","PA","University of Pittsburgh Medical Center","Pittsburgh","PA","Hospital care ",2018,3057,"",""
"Hunter Legacy Family Foundation","MO","University of Pittsburgh Medical Center","Pittsburgh","PA"," ",2018,3000,"","CHARITABLE CONTRIBUTION"
"The Pittsburgh Foundation","PA","University of Pittsburgh Medical Center","Pittsburgh","PA","Hospital care ",2018,2686,"",""
"The Pittsburgh Foundation","PA","University of Pittsburgh Medical Center","Pittsburgh","PA","Education ",2018,2242,"Scholarships","For scholarship funds."
"The Pittsburgh Foundation","PA","University of Pittsburgh Medical Center","Pittsburgh","PA","Hospital care ",2018,1993,"",""
"The Pittsburgh Foundation","PA","University of Pittsburgh Medical Center","Pittsburgh","PA","Hospital care ",2018,1155,"",""
"The Pittsburgh Foundation","PA","University of Pittsburgh Medical Center","Pittsburgh","PA","Hospital care ",2018,1000,"",""
"The Pittsburgh Foundation","PA","University of Pittsburgh Medical Center","Pittsburgh","PA","Hospital care ",2018,1000,"",""
"The Pittsburgh Foundation","PA","University of Pittsburgh Medical Center","Pittsburgh","PA","Hospital care ",2018,950,"",""
"The Pittsburgh Foundation","PA","University of Pittsburgh Medical Center","Pittsburgh","PA","Hospital care ",2018,735,"",""
"The Pittsburgh Foundation","PA","University of Pittsburgh Medical Center","Pittsburgh","PA","Hospital care ",2018,489,"",""
"The Pittsburgh Foundation","PA","University of Pittsburgh Medical Center","Pittsburgh","PA","Hospital care ",2018,270,"",""
"The Pittsburgh Foundation","PA","University of Pittsburgh Medical Center","Pittsburgh","PA","Hospital care ",2018,125,"",""
"Eaton Charitable Fund","OH","University of Pittsburgh Medical Center","Pittsburgh","PA","Hospital care ",2018,50,"","Matching gifts"
"National Pancreas Foundation","MD","University of Pittsburgh Medical Center","Pittsburgh","PA","Hospital care ",2017,110000,"","IN PURSUIT OF SCIENTFIC ADVANCEMENT IN THE FIELD OF PANCREATIC DISEASE"
"Raymond Frodey","PA","University of Pittsburgh Medical Center","Pittsburgh","PA","Intensive care ",2017,67216,"","NEONATAL INTENSIVE CARE"
"Power of 32 Site Development Fund","PA","University of Pittsburgh Medical Center","Pittsburgh","PA","Rehabilitation ",2017,47220,"","HEALTH - GENERAL AND REHABILITATIVE"
"Huntington's Disease Society of America, Inc.","NY","University of Pittsburgh Medical Center","Pittsburgh","PA","Hospital care ",2017,30000,"","Community Services"
"Jewish Federation of Greater Pittsburgh","PA","University of Pittsburgh Medical Center","Pittsburgh","PA","Hospital care ",2017,18500,"Program support","PROGRAM SUPPORT"
"John H Pelusi Jr and Kathleen J Pelusi Family Foundation","PA","University of Pittsburgh Medical Center","Pittsburgh","PA","Ear, nose and throat diseases ",2017,16000,"","CHILDREN&#039;S HOSPITAL FOUNDATION AND THE EYE AND EAR FOUNDATION."
"The Pittsburgh Foundation","PA","University of Pittsburgh Medical Center","Pittsburgh","PA","Hospital care ",2017,13353,"",""
"Fidelity Investments Charitable Gift Fund","MA","University of Pittsburgh Medical Center","Pittsburgh","PA","Hospital care ",2017,10000,"General support","For grant recipient&#039;s exempt purposes"
"American Laryngological Association","TN","University of Pittsburgh Medical Center","Pittsburgh","PA","University education ",2017,10000,"Research","ALVRE 2017 RESEARCH GRANT"
"The Pittsburgh Foundation","PA","University of Pittsburgh Medical Center","Pittsburgh","PA","Hospital care ",2017,9432,"",""
"Power of 32 Site Development Fund","PA","University of Pittsburgh Medical Center","Pittsburgh","PA","Rehabilitation ",2017,6387,"","HEALTH GENERAL AND REHABILITATIVE"
"Russell Charitable Foundation C/o Andrew K Russell","OR","University of Pittsburgh Medical Center","Pittsburgh","PA","Hospital care ",2017,4200,"","DONATION"
"The Pittsburgh Foundation","PA","University of Pittsburgh Medical Center","Pittsburgh","PA","Hospital care ",2017,3718,"",""
"The Pittsburgh Foundation","PA","University of Pittsburgh Medical Center","Pittsburgh","PA","Hospital care ",2017,3700,"",""
"The Pittsburgh Foundation","PA","University of Pittsburgh Medical Center","Pittsburgh","PA","Hospital care ",2017,3579,"",""
"The Pittsburgh Foundation","PA","University of Pittsburgh Medical Center","Pittsburgh","PA","Hospital care ",2017,2896,"",""
"The Pittsburgh Foundation","PA","University of Pittsburgh Medical Center","Pittsburgh","PA","Hospital care ",2017,2726,"",""
"The Pittsburgh Foundation","PA","University of Pittsburgh Medical Center","Pittsburgh","PA","Hospital care ",2017,2500,"",""
"Helen L Kay Charitable Trust","MI","University of Pittsburgh Medical Center","Pittsburgh","PA","Hospital care ",2017,2500,"","CHARITABLE"
"The Pittsburgh Foundation","PA","University of Pittsburgh Medical Center","Pittsburgh","PA","Hospital care ",2017,1979,"",""
"The Pittsburgh Foundation","PA","University of Pittsburgh Medical Center","Pittsburgh","PA","Hospital care ",2017,1164,"",""
"The Pittsburgh Foundation","PA","University of Pittsburgh Medical Center","Pittsburgh","PA","Hospital care ",2017,1056,"",""
"The Pittsburgh Foundation","PA","University of Pittsburgh Medical Center","Pittsburgh","PA","Hospital care ",2017,1000,"",""
"The Pittsburgh Foundation","PA","University of Pittsburgh Medical Center","Pittsburgh","PA","Hospital care ",2017,1000,"",""
"The Pfizer Foundation Inc","NY","University of Pittsburgh Medical Center","Pittsburgh","PA","Hospital care ",2017,973,"",""
"The Pittsburgh Foundation","PA","University of Pittsburgh Medical Center","Pittsburgh","PA","Hospital care ",2017,967,"",""
"The Pittsburgh Foundation","PA","University of Pittsburgh Medical Center","Pittsburgh","PA","Hospital care ",2017,750,"",""
"The Pittsburgh Foundation","PA","University of Pittsburgh Medical Center","Pittsburgh","PA","Hospital care ",2017,500,"",""
"The Pittsburgh Foundation","PA","University of Pittsburgh Medical Center","Pittsburgh","PA","Hospital care ",2017,491,"",""
"The Pittsburgh Foundation","PA","University of Pittsburgh Medical Center","Pittsburgh","PA","Hospital care ",2017,127,"",""
"Raymond Frodey","PA","University of Pittsburgh Medical Center","Pittsburgh","PA","Intensive care ",2016,779050,"","Neonatal intensive care"
"Kathleen Duross Ford Fund Inc Co L Frank Chopin Plc","FL","University of Pittsburgh Medical Center","Pittsburgh","PA","Hospital care ",2016,500000,"Research","Ford Lung Transplant Research Fund."
"The Subsidiaries of the Institute for Transfusion Medicine","PA","University of Pittsburgh Medical Center","Pittsburgh","PA","Hospital care ",2016,209446,"","Support sickle cell disease program patient treatment efforts"
"Blechman Foundation Inc","FL","University of Pittsburgh Medical Center","Pittsburgh","PA","Hospital care ",2016,100000,"","Charitable"
"Tippins Foundation","PA","University of Pittsburgh Medical Center","Pittsburgh","PA","Hospital care ",2016,75000,"","Medical Research"
"Dialysis Clinic Inc","TN","University of Pittsburgh Medical Center","Pittsburgh","PA","Health ",2016,55396,"Research","Medical research related to kidney function"
"The Pittsburgh Foundation","PA","University of Pittsburgh Medical Center","Pittsburgh","PA","Hospital care ",2016,50000,"",""
"John G Rangos Charitable Foundation","TX","University of Pittsburgh Medical Center","Pittsburgh","PA","Hospital care ",2016,50000,"Research","Md fiber tracking research"
"Nelson & Claudia Peltz Family Foundation","FL","University of Pittsburgh Medical Center","Pittsburgh","PA","Hospital care ",2016,50000,"","Exempt activities"
"Joseph a Patrick Foundation Inc","NJ","University of Pittsburgh Medical Center - Thomas E. Starzl Transplantation Institute","Pittsburgh","PA"," ",2016,50000,"","Medicine"
"The Mascaro Family Foundation","PA","University of Pittsburgh Medical Center","Pittsburgh","PA","Hospital care ",2016,24200,"","To support the cause"
"The Pittsburgh Foundation","PA","University of Pittsburgh Medical Center","Pittsburgh","PA","Hospital care ",2016,13358,"",""
"Love Family Foundation Incorporated","PA","University of Pittsburgh Medical Center","Pittsburgh","PA","Hospital care ",2016,10500,"","Public assistance"
"THE WEIL FOUNDATION","AZ","University of Pittsburgh Medical Center","Pittsburgh","PA","Hospital care ",2016,10000,"","Education"
"The Pittsburgh Foundation","PA","University of Pittsburgh Medical Center","Pittsburgh","PA","Hospital care ",2016,9193,"",""
"The Pittsburgh Foundation","PA","University of Pittsburgh Medical Center","Pittsburgh","PA","Hospital care ",2016,5000,"",""
"National Pancreas Foundation","MD","University of Pittsburgh Medical Center","Pittsburgh","PA","Hospital care ",2016,5000,"","In pursuit of scientfic advancement in the field of pancreatic disease"
"Russell Charitable Foundation C/o Andrew K Russell","OR","University of Pittsburgh Medical Center","Pittsburgh","PA","Hospital care ",2016,3700,"","Donation"
"The Pittsburgh Foundation","PA","University of Pittsburgh Medical Center","Pittsburgh","PA","Hospital care ",2016,2752,"",""
"The Pittsburgh Foundation","PA","University of Pittsburgh Medical Center","Pittsburgh","PA","Hospital care ",2016,2570,"",""
"The Pittsburgh Foundation","PA","University of Pittsburgh Medical Center","Pittsburgh","PA","Hospital care ",2016,1936,"",""
"The Pittsburgh Foundation","PA","University of Pittsburgh Medical Center","Pittsburgh","PA","Hospital care ",2016,1164,"",""
"The Pittsburgh Foundation","PA","University of Pittsburgh Medical Center","Pittsburgh","PA","Hospital care ",2016,1000,"",""
"The Pittsburgh Foundation","PA","University of Pittsburgh Medical Center","Pittsburgh","PA","Hospital care ",2016,976,"",""
"The Pittsburgh Foundation","PA","University of Pittsburgh Medical Center","Pittsburgh","PA","Education ",2016,848,"Scholarships","For scholarship funds."
"The Pittsburgh Foundation","PA","University of Pittsburgh Medical Center","Pittsburgh","PA","Hospital care ",2016,487,"",""
"The Pittsburgh Foundation","PA","University of Pittsburgh Medical Center","Pittsburgh","PA","Hospital care ",2016,258,"",""
"The Pittsburgh Foundation","PA","University of Pittsburgh Medical Center","Pittsburgh","PA","Hospital care ",2016,127,"",""
"Bank of America Charitable Foundation","NC","University of Pittsburgh Medical Center","Pittsburgh","PA","Hospital care ",2016,25,"","Program/Operating Support"
"Edith L Trees Trust Char Trust Art X","PA","University of Pittsburgh Medical Center","Pittsburgh","PA","Elementary and secondary education ",2015,120000,"Program support","Purpose: to assist with operations costs of the ICONz Intervention Project for middle and high school students with developmental disabilities"
"Power of 32 Site Development Fund","PA","University of Pittsburgh Medical Center","Pittsburgh","PA","Hospital care ",2015,84148,"","Education"
"Joseph a Patrick Foundation Inc","NJ","University of Pittsburgh Medical Center - Thomas E. Starzl Transplantation Institute","Pittsburgh","PA"," ",2015,80000,"","Medicine"
"Raymond Frodey","PA","University of Pittsburgh Medical Center","Pittsburgh","PA","Hospital care ",2015,77852,"","Support of all medical"
"The Children's Hospital of Philadelphia","PA","University of Pittsburgh Medical Center - Health System","Pittsburgh","PA"," ",2015,74725,"Research","RESEARCH"
"John G Rangos Charitable Foundation","TX","University of Pittsburgh Medical Center","Pittsburgh","PA","Hospital care ",2015,50000,"Research","Hd fiber tracking research"
"National Pancreas Foundation","MD","University of Pittsburgh Medical Center","Pittsburgh","PA","Hospital care ",2015,50000,"","IN PURSUIT OF SCIENTFIC ADVANCEMENT IN THE FIELD OF PANCREATIC DISEASE"
"Dialysis Clinic Inc","TN","University of Pittsburgh Medical Center","Pittsburgh","PA","Health ",2015,32000,"Research","Medical research related to kidney function"
"The Pittsburgh Foundation","PA","University of Pittsburgh Medical Center","Pittsburgh","PA","Hospital care ",2015,25000,"",""
"Jewish Federation of Greater Pittsburgh","PA","University of Pittsburgh Medical Center","Pittsburgh","PA","Hospital care ",2015,22000,"Program support","PROGRAM SUPPORT"
"Beatrice L Jacobson Char Foundation","PA","University of Pittsburgh Medical Center","Pittsburgh","PA","Hospital care ",2015,20960,"General support","General support"
"J B Finley Charitable Trust","PA","University of Pittsburgh Medical Center","Pittsburgh","PA","Hospital care ",2015,15000,"","Merp short-term recipient"
"Scott Foundation Inc","PA","University of Pittsburgh Medical Center","Pittsburgh","PA","Hospital care ",2015,15000,"","Facilities maintenance"
"The Pittsburgh Foundation","PA","University of Pittsburgh Medical Center","Pittsburgh","PA","Hospital care ",2015,14172,"",""
"The Pittsburgh Foundation","PA","University of Pittsburgh Medical Center","Pittsburgh","PA","Hospital care ",2015,12914,"",""
"Donor Advised Charitable Giving, Inc. (dba: DAFgiving360)","CO","University of Pittsburgh Medical Center","Pittsburgh","PA","Arts councils ",2015,12000,"","ARTS, CULTURE &amp; HUMANITIES"
"University of Pittsburgh","PA","University of Pittsburgh Medical Center","Pittsburgh","PA","Hospital care ",2015,8000,"Sponsorships","SPONSORSHIP"
"Triangle Community Foundation","NC","University of Pittsburgh Medical Center","Pittsburgh","PA","Education ",2015,7500,"Research","For the alzheimer disease research center"
"The Pittsburgh Foundation","PA","University of Pittsburgh Medical Center","Pittsburgh","PA","Hospital care ",2015,7255,"",""
"The Pittsburgh Foundation","PA","University of Pittsburgh Medical Center","Pittsburgh","PA","Hospital care ",2015,5000,"",""
"Rk Mellon Family Foundation","PA","University of Pittsburgh Medical Center","Pittsburgh","PA","Cancers ",2015,5000,"","Patient care programs at Hillman Cancer Center (in memory of Elsie Hillman)"
"Deutsche Bank Americas Foundation","NY","University of Pittsburgh Medical Center","Pittsburgh","PA","Hospital care ",2015,5000,"",""
"Love Family Foundation Incorporated","PA","University of Pittsburgh Medical Center","Pittsburgh","PA","Hospital care ",2015,5000,"","Medical"
"Russell Charitable Foundation C/o Andrew K Russell","OR","University of Pittsburgh Medical Center","Pittsburgh","PA","Hospital care ",2015,4700,"","Donation"
"The Pittsburgh Foundation","PA","University of Pittsburgh Medical Center","Pittsburgh","PA","Hospital care ",2015,3621,"",""
"The Pittsburgh Foundation","PA","University of Pittsburgh Medical Center","Pittsburgh","PA","Hospital care ",2015,2677,"",""
"The Pittsburgh Foundation","PA","University of Pittsburgh Medical Center","Pittsburgh","PA","Hospital care ",2015,2000,"",""
"The Pittsburgh Foundation","PA","University of Pittsburgh Medical Center","Pittsburgh","PA","Hospital care ",2015,1828,"",""
"The Pittsburgh Foundation","PA","University of Pittsburgh Medical Center","Pittsburgh","PA","Hospital care ",2015,1736,"",""
"The Pittsburgh Foundation","PA","University of Pittsburgh Medical Center","Pittsburgh","PA","Hospital care ",2015,1395,"",""
"The Pittsburgh Foundation","PA","University of Pittsburgh Medical Center","Pittsburgh","PA","Hospital care ",2015,1126,"",""
"The Pittsburgh Foundation","PA","University of Pittsburgh Medical Center","Pittsburgh","PA","Hospital care ",2015,1000,"",""
"The Pittsburgh Foundation","PA","University of Pittsburgh Medical Center","Pittsburgh","PA","Hospital care ",2015,935,"",""
"Fm Global Foundation","RI","University of Pittsburgh Medical Center","Pittsburgh","PA","Hospital care ",2015,765,"","Healthcare"
"The Pittsburgh Foundation","PA","University of Pittsburgh Medical Center","Pittsburgh","PA","Hospital care ",2015,626,"",""
"The Pittsburgh Foundation","PA","University of Pittsburgh Medical Center","Pittsburgh","PA","Hospital care ",2015,243,"",""
"The Pittsburgh Foundation","PA","University of Pittsburgh Medical Center","Pittsburgh","PA","Hospital care ",2015,120,"",""
"Wells Fargo Foundation","MN","University of Pittsburgh Medical Center","Pittsburgh","PA","Hospital care ",2015,100,"","Support of community development education, and human services"
"Wells Fargo Foundation","MN","University of Pittsburgh Medical Center","Pittsburgh","PA","Hospital care ",2015,100,"","Support of community development education, and human services"
"Wells Fargo Foundation","MN","University of Pittsburgh Medical Center","Pittsburgh","PA","Hospital care ",2015,100,"","Support of community development education, and human services"
"Fidelity Investments Charitable Gift Fund","MA","University of Pittsburgh Medical Center","Pittsburgh","PA","Hospital care ",2015,50,"",""
"Joseph a Patrick Foundation Inc","NJ","University of Pittsburgh Medical Center - Thomas E. Starzl Transplantation Institute","Pittsburgh","PA"," ",2014,210000,"","Medicine"
"John G Rangos Charitable Foundation","TX","University of Pittsburgh Medical Center","Pittsburgh","PA","Hospital care ",2014,50000,"Research","Hd fiber tracking research"
"The Pittsburgh Foundation","PA","University of Pittsburgh Medical Center","Pittsburgh","PA","Hospital care ",2014,31423,"","Health care"
"Salvitti Family Foundation Ima","PA","University of Pittsburgh Medical Center","Pittsburgh","PA","Hospital care ",2014,10000,"General support","General support"
"Robert J Weis and Susan K Weis Foundation","AZ","University of Pittsburgh Medical Center","Pittsburgh","PA","Human services ",2014,6625,"","To help serve upmc mission &amp; researc"
"Russell Charitable Foundation C/o Andrew K Russell","OR","University of Pittsburgh Medical Center","Pittsburgh","PA","Hospital care ",2014,2000,"","Donation"
"Edward B Dunlap Jr Foundation","PA","University of Pittsburgh Medical Center","Pittsburgh","PA","Hospital care ",2014,1500,"General support","Operating expenses"
"Minneapolis Foundation","MN","University of Pittsburgh Medical Center","Pittsburgh","PA","Hospital care ",2014,697,"",""
"Minneapolis Foundation","MN","University of Pittsburgh Medical Center","Pittsburgh","PA","Hospital care ",2014,545,"",""
"Maxim Foundation Tr Ua 03252011","NY","University of Pittsburgh Medical Center","Pittsburgh","PA","Hospital care ",2014,486,"","Financial assistance to impoverished individuals with desperate financial and/or medical needs"
"Firstenergy Foundation","OH","University of Pittsburgh Medical Center","Pittsburgh","PA","Hospital care ",2014,200,"",""
"The Pfizer Foundation Inc","NY","University of Pittsburgh Medical Center","Pittsburgh","PA","Hospital care ",2014,100,"","Matching gifts program - matches the personal financial contributions of U.S. Based pfizer employees, retirees, and board members to eligible nonprofit charitable organizations."
"Pnc Foundation","PA","University of Pittsburgh Medical Center","Pittsburgh","PA","Hospital care ",2014,50,"",""
"Citizens Charitable Foundation","RI","University of Pittsburgh Medical Center","Pittsburgh","PA","Hospital care ",2014,30,"General support","General Charitable"
"Burroughs Wellcome Fund","NC","University of Pittsburgh Medical Center","Pittsburgh","PA","Biomedicine ",2013,700000,"Program support;Research","For Testing the Role of Cortico-Striatal Circuits in Obsessive Compulsive Disorder Pathology and Treatment"
"Alfred P. Sloan Foundation","NY","University of Pittsburgh Medical Center","Pittsburgh","PA","Biomedicine ",2013,450000,"Capacity-building and technical assistance;Policy, advocacy and systems reform;Program support;Program evaluations;Research","To assess the state of affairs in synthetic biology governance, articulate next steps for funders and policymakers, and evaluate the Foundation&#039;s Synthetic Biology initiative"
"Walmart Foundation","AR","University of Pittsburgh Medical Center","Pittsburgh","PA","Hospital care ",2013,200000,"",""
"Staunton Farm Foundation Trust","PA","University of Pittsburgh Medical Center - Department of Family Medicine","Pittsburgh","PA","Mental health care ",2013,88300,"","For Birth Circle Doula Agency: Behavioral Health Expansion for Teens"
"John G Rangos Charitable Foundation","TX","University of Pittsburgh Medical Center","Pittsburgh","PA","Hospital care ",2013,15000,"General support","General support"
"The Pittsburgh Foundation","PA","University of Pittsburgh Medical Center","Pittsburgh","PA","Health ",2013,12359,"Research","To support of research of dreaded diseases"
"The Pittsburgh Foundation","PA","University of Pittsburgh Medical Center","Pittsburgh","PA","Hospital care ",2013,5000,"Research","For Osteosarcoma research directed by Dr. Kurt Weiss and his team of scientists"
"Russell Charitable Foundation C/o Andrew K Russell","OR","University of Pittsburgh Medical Center","Pittsburgh","PA","Hospital care ",2013,4450,"","Donation"
"The Pittsburgh Foundation","PA","University of Pittsburgh Medical Center","Pittsburgh","PA","Health ",2013,3449,"General support","For general operating support of UPMC Presbyterian Hospital"
"The Pittsburgh Foundation","PA","University of Pittsburgh Medical Center","Pittsburgh","PA","Reconstructive surgery ",2013,2595,"Program support","For a pool of emergency money for Plastic Surgery Residents in need"
"Love Family Foundation Incorporated","PA","University of Pittsburgh Medical Center","Pittsburgh","PA","Hospital care ",2013,2500,"","Public assistance"
"Love Family Foundation Incorporated","PA","University of Pittsburgh Medical Center","Pittsburgh","PA","Hospital care ",2013,2500,"","Medical"
"The Pittsburgh Foundation","PA","University of Pittsburgh Medical Center","Pittsburgh","PA","Hospital care ",2013,2195,"General support","For general operating support"
"The Pittsburgh Foundation","PA","University of Pittsburgh Medical Center","Pittsburgh","PA","Hospital care ",2013,1078,"General support","For general operating support"
"The Pittsburgh Foundation","PA","University of Pittsburgh Medical Center","Pittsburgh","PA","Health ",2013,1000,"Program support","For a special project at the recommendation of Thomas O. Hornstein"
"The Pittsburgh Foundation","PA","University of Pittsburgh Medical Center","Pittsburgh","PA","Diseases and conditions ",2013,1000,"Research;Research and evaluation","For Medical Research, Department of Urology"
"The Pittsburgh Foundation","PA","University of Pittsburgh Medical Center","Pittsburgh","PA","Diseases and conditions ",2013,681,"Program support","For the Cardiovascular Institute"
"The Pittsburgh Foundation","PA","University of Pittsburgh Medical Center","Pittsburgh","PA","Heart and circulatory system diseases ",2013,600,"Research","For Dr. Dennis McNamara&#039;s research for prevention of heart disease"
"Love Family Foundation Incorporated","PA","University of Pittsburgh Medical Center","Pittsburgh","PA","Hospital care ",2013,500,"","Public assistance"
"The Pittsburgh Foundation","PA","University of Pittsburgh Medical Center","Pittsburgh","PA","Health ",2013,300,"Program support","For the UPMC Presbyterian Community Care Fund"
"The Pittsburgh Foundation","PA","University of Pittsburgh Medical Center","Pittsburgh","PA","Health ",2013,250,"Program support","For PGT supplies for the Merck Clinic at WPIC"
"The Pittsburgh Foundation","PA","University of Pittsburgh Medical Center","Pittsburgh","PA","Health ",2013,221,"Research","For cardiology research at UPMC Presbyterian Hospital"
"William Randolph Hearst Foundation","NY","University of Pittsburgh Medical Center","Pittsburgh","PA","Hospital care ",2012,500000,"Program support","For the Master Clinicians Center for Medical Decision Making"
"Robert Wood Johnson Foundation","NJ","University of Pittsburgh Medical Center","Pittsburgh","PA","Health care financing ",2012,440567,"Program support;Systems reform","To develop replicable methods and strategies for Medicaid payment reform to achieve high-value care for medically complex children"
"Joseph a Patrick Foundation Inc","NJ","University of Pittsburgh Medical Center - Thomas E. Starzl Transplantation Institute","Pittsburgh","PA"," ",2012,110000,"","Medicine"
"J Horne Decd for University of Pit Medical Center","PA","University of Pittsburgh Medical Center","Pittsburgh","PA","Hospital care ",2012,51666,"General support","General support"
"The Picker Institute Inc","ME","University of Pittsburgh Medical Center","Pittsburgh","PA","Hospital care ",2012,17500,"Research","Research grant - always events"
"The Pittsburgh Foundation","PA","University of Pittsburgh Medical Center","Pittsburgh","PA","Diseases and conditions ",2012,11972,"Research;Research and evaluation","To support research of dreaded diseases"
"Hillman Family Foundations","PA","University of Pittsburgh Medical Center","Pittsburgh","PA","Hospital care ",2012,10000,"Annual campaigns;Continuing support;General support","Toward Annual Fund"
"The Grable Foundation","PA","University of Pittsburgh Medical Center McKeesport - UPMC McKeesport","Mckeesport","PA","Camps ",2012,10000,"Program support","For Health for Life Summer Camp, summer programming activities for at-risk youth in Braddock"
"Central Indiana Community Foundation Inc.","IN","University of Pittsburgh Medical Center - Cancer Centers and Cancer Institute","Pittsburgh","PA","Cancers ",2012,10000,"Financial sustainability;Research","For 10th Annual DCK Golf Tournament"
"The Pittsburgh Foundation","PA","University of Pittsburgh Medical Center","Pittsburgh","PA","Hospital care ",2012,5000,"Research","For Osteosarcoma research"
"The Pittsburgh Foundation","PA","University of Pittsburgh Medical Center","Pittsburgh","PA","Hospital care ",2012,5000,"Research","For Osteosarcoma research"
"The Pittsburgh Foundation","PA","University of Pittsburgh Medical Center","Pittsburgh","PA","Hospital care ",2012,5000,"Research","For research project: medical loading in spinal tissue remodeling and inflammation: more than just the disc"
"Ben Silverman Foundation","CA","University of Pittsburgh Medical Center","Pittsburgh","PA","Hospital care ",2012,5000,"","Contribution"
"The Pittsburgh Foundation","PA","University of Pittsburgh Medical Center","Pittsburgh","PA","Reconstructive surgery ",2012,2518,"Program support","For a pool of emergency money for Plastic Surgery Residents in need"
"Lonnie & Carol Poole Family Foundation","NC","University of Pittsburgh Medical Center","Pittsburgh","PA","Hospital care ",2012,2500,"","Charitable"
"The Pittsburgh Foundation","PA","University of Pittsburgh Medical Center","Pittsburgh","PA","Hospital care ",2012,1315,"Research","For cardiology research at UPMC Presbyterian Hospital"
"The Pittsburgh Foundation","PA","University of Pittsburgh Medical Center","Pittsburgh","PA","Hospital care ",2012,1043,"General support","For general operating support"
"The Pittsburgh Foundation","PA","University of Pittsburgh Medical Center","Pittsburgh","PA","Hospital care ",2012,1000,"Program support","For special project"
"The Fine Foundation C/o Ffc Capital Corporation","PA","University of Pittsburgh Medical Center","Pittsburgh","PA","Health ",2012,500,"","To support the community care fund"
"The Wheeler Family Charitable Foundation","PA","University of Pittsburgh Medical Center","Pittsburgh","PA","Hospital care ",2011,250000,"General support","For unrestricted contribution"
"The Pittsburgh Foundation","PA","University of Pittsburgh Medical Center","Pittsburgh","PA","Hospital care ",2011,200000,"Endowments","For the Raizman Endowment Fund"
"The O Wayne Rollins Foundation C/o Rfa Management Co LLC","GA","University of Pittsburgh Medical Center - Graduate School of Public Health","Pittsburgh","PA","Graduate and professional education ",2011,100000,"Building and renovations","For Building Fund"
"The Picker Institute Inc","ME","University of Pittsburgh Medical Center","Pittsburgh","PA","Hospital care ",2011,17500,"",""
"Hillman Family Foundations","PA","University of Pittsburgh Medical Center","Pittsburgh","PA","Hospital care ",2011,10000,"Annual campaigns","Toward Annual Fund"
"The Pittsburgh Foundation","PA","University of Pittsburgh Medical Center","Pittsburgh","PA","Hospital care ",2011,10000,"General support","For general operating support"
"The Pittsburgh Foundation","PA","University of Pittsburgh Medical Center","Pittsburgh","PA","Hospital care ",2011,3000,"Program support","For the Messer Lecture"
"The Pittsburgh Foundation","PA","University of Pittsburgh Medical Center","Pittsburgh","PA","Hospital care ",2011,1000,"Program support","For special project"
"Salvitti Family Foundation Ima","PA","University of Pittsburgh Medical Center","Pittsburgh","PA","Hospital care ",2010,25000,"General support","For general use"
"Hillman Family Foundations","PA","University of Pittsburgh Medical Center","Pittsburgh","PA","Hospital care ",2010,10000,"Annual campaigns;Continuing support","Toward Trustee Annual Fund"
"Hillman Family Foundations","PA","University of Pittsburgh Medical Center","Pittsburgh","PA","Hospital care ",2010,5000,"Program support","Toward 14th Annual Children&#039;s Ball"
"The Pittsburgh Foundation","PA","University of Pittsburgh Medical Center","Pittsburgh","PA","Hospital care ",2010,3000,"","For Messer Lecture"
"Lonnie & Carol Poole Family Foundation","NC","University of Pittsburgh Medical Center","Pittsburgh","PA","Hospital care ",2010,2500,"",""
"Love Family Foundation Incorporated","PA","University of Pittsburgh Medical Center","Pittsburgh","PA","Hospital care ",2010,1500,"",""
"The Pittsburgh Foundation","PA","University of Pittsburgh Medical Center","Pittsburgh","PA","Hospital care ",2010,1000,"","For CVI for the Atrial Arrhythmia Center"
"St Jude Medical Foundation","MN","University of Pittsburgh Medical Center","Pittsburgh","PA","Heart and circulatory system diseases ",2009,50000,"Fellowships","For Clinical Cardiac Electrophysiology (CCEP) Fellowship Program"
"The Pittsburgh Foundation","PA","University of Pittsburgh Medical Center - Saint Margaret Memorial Hospital Foundation","Pittsburgh","PA"," ",2009,5000,"Capital campaigns","For capital campaign"
"The Pittsburgh Foundation","PA","University of Pittsburgh Medical Center","Pittsburgh","PA","Hospital care ",2009,3000,"","For the Messer Lecture"
"The Pittsburgh Foundation","PA","University of Pittsburgh Medical Center","Pittsburgh","PA","Hospital care ",2009,2500,"","For the Ira Messer Lecture on Medical Ethics"
"The Pittsburgh Foundation","PA","University of Pittsburgh Medical Center","Pittsburgh","PA","Hospital care ",2009,2000,"Research","For Alzheimer&#039;s Research at ADRC"
"The Pittsburgh Foundation","PA","University of Pittsburgh Medical Center - Saint Margaret Memorial Hospital Foundation","Pittsburgh","PA"," ",2009,1000,"","For annual support"
"The Pittsburgh Foundation","PA","University of Pittsburgh Medical Center","Pittsburgh","PA","Hospital care ",2009,1000,"","For the CVI for the Atrial Arrhythmia Center"
"Alfred P. Sloan Foundation","NY","University of Pittsburgh Medical Center","Pittsburgh","PA","Bioterrorism ",2008,750000,"Capacity-building and technical assistance;Policy, advocacy and systems reform;Program support","To educate US government officials on Biosecurity issues, at The Center for Biosecurity in Baltimore"
"Highmark Foundation","PA","University of Pittsburgh Medical Center - Research Division of Department of Cardiothoracic Surgery","Pittsburgh","PA","Heart and circulatory system diseases ",2008,42817,"Program support","For Mending Broken Hearts program, two year awareness prevention and screening program for women over 50"
"Posner Foundation of Pittsburgh","PA","University of Pittsburgh Medical Center","Pittsburgh","PA","Hospital care ",2008,25500,"",""
"The Pittsburgh Foundation","PA","University of Pittsburgh Medical Center","Pittsburgh","PA","Hospital care ",2008,5000,"General support","For general operating support of the UPMC Medical and Health Sciences Foundation"
"Emerson Charitable Trust","IL","University of Pittsburgh Medical Center","Pittsburgh","PA","Hospital care ",2008,5000,"General support","For general support"
"The Pittsburgh Foundation","PA","University of Pittsburgh Medical Center","Pittsburgh","PA","Hospital care ",2008,3000,"","For the Ira Messer Lecture on Medical Ethics"
"Greater Washington Community Foundation","DC","University of Pittsburgh Medical Center","Pittsburgh","PA","Hospital care ",2008,1563,"",""
"The Pittsburgh Foundation","PA","University of Pittsburgh Medical Center","Pittsburgh","PA","Hospital care ",2008,1000,"","For the CVI for the Atrial Arrhythmia Center"
"St Jude Medical Foundation","MN","University of Pittsburgh Medical Center","Pittsburgh","PA","Heart and circulatory system diseases ",2007,65000,"Fellowships","For cardiac electrophysiology fellowship"
"Alfred P. Sloan Foundation","NY","University of Pittsburgh Medical Center - Center for Biosecurity","Pittsburgh","PA","Bioterrorism ",2007,45000,"Publications;Research","For research and writing of book on smallpox eradication and its aftermath"
"John G Rangos Charitable Foundation","TX","University of Pittsburgh Medical Center","Pittsburgh","PA","Hospital care ",2007,25000,"",""
"The Birmingham Foundation","PA","University of Pittsburgh Medical Center","Pittsburgh","PA","Home health care ",2007,5500,"Program support;Public engagement and education","For third and final year, to enable the Living-at-Home program to expand healthcare education and outreach to senior residence programs in South Pittsburgh area"
"The Heinz Endowments","PA","Pittsburgh Cancer Institute - University of Pittsburgh Medical Center (UPMC) Cancer Pavilion","Pittsburgh","PA","Cancers ",2007,5000,"Fundraising","For participation in Hillman Cancer Center Gala, Destination Hope...A Future Without Cancer"
"St Bancorp Charitable Foundation","PA","University of Pittsburgh Medical Center","Pittsburgh","PA","Hospital care ",2007,5000,"",""
"The Pittsburgh Foundation","PA","University of Pittsburgh Medical Center","Pittsburgh","PA","Hospital care ",2007,2500,"","For Ira R. Messer Memorial Lecture on Medical Ethics"
"The Pittsburgh Foundation","PA","University of Pittsburgh Medical Center","Pittsburgh","PA","Hospital care ",2007,2355,"","For staff members of Sleep Medicine Center at UPMC Montefiore Hospital to attend respiratory conference in Seven Springs"
"Brooks Family Foundation","PA","University of Pittsburgh Medical Center","Pittsburgh","PA","Hospital care ",2007,2325,"",""
"The Pittsburgh Foundation","PA","University of Pittsburgh Medical Center","Pittsburgh","PA","Hospital care ",2007,1000,"","For Parkinson&#039;s research"
"The Pittsburgh Foundation","PA","University of Pittsburgh Medical Center","Pittsburgh","PA","Hospital care ",2007,1000,"","For bipolar research"
"The Pittsburgh Foundation","PA","University of Pittsburgh Medical Center","Pittsburgh","PA","Hospital care ",2007,1000,"","For Parkinson&#039;s research"
"The Pittsburgh Foundation","PA","University of Pittsburgh Medical Center","Pittsburgh","PA","Hospital care ",2007,1000,"","For CVI for Atrial Arrhythmia Center"
"Alfred P. Sloan Foundation","NY","University of Pittsburgh Medical Center","Pittsburgh","PA","Bioterrorism ",2006,3000000,"Continuing support;Program support","To renew support for Center for Biosecurity"
"The Heinz Endowments","PA","University of Pittsburgh Medical Center","Pittsburgh","PA","Entrepreneurship ",2006,100000,"Seed money","To provide seed funding to create Center for Urology Research and Entrepreneurship"
"Foster Charitable Trust","PA","University of Pittsburgh Medical Center","Pittsburgh","PA","Hospital care ",2006,5000,"",""
"The Pittsburgh Foundation","PA","University of Pittsburgh Medical Center","Pittsburgh","PA","Hospital care ",2006,2500,"",""
"The Pittsburgh Foundation","PA","University of Pittsburgh Medical Center","Pittsburgh","PA","Hospital care ",2006,2054,"",""
"The Pittsburgh Foundation","PA","University of Pittsburgh Medical Center","Pittsburgh","PA","Hospital care ",2006,1000,"",""
"Jpmorgan Chase Foundation","NY","University of Pittsburgh Medical Center","Pittsburgh","PA","Hospital care ",2006,1000,"",""
"The Stephen G & Thelma S Yeonas Foundation","VA","University of Pittsburgh Medical Center","Pittsburgh","PA","Hospital care ",2006,500,"",""
"Alexander C & Tillie S Speyer Foundation","PA","University of Pittsburgh Medical Center","Pittsburgh","PA","Hospital care ",2006,500,"",""
"Pnc Foundation","PA","University of Pittsburgh Medical Center - Cancer Institute","Pittsburgh","PA"," ",2006,100,"",""
"The Pittsburgh Foundation","PA","University of Pittsburgh Medical Center","Pittsburgh","PA","Internet ",2005,8000000,"Online media","For Electronic Prescribing Initiative"
"The Pittsburgh Foundation","PA","University of Pittsburgh Medical Center - Cancer Institute","Pittsburgh","PA","Oncology ",2005,250000,"Faculty and staff development","To extend community outreach and cancer prevention efforts of Center for Environmental Oncology through creation of position, Health Educator and Community Outreach Leader, in partnership with Center for Minority Health&#039;s Healthy Black Family"
"United Spinal Association Inc","NY","University of Pittsburgh Medical Center","Pittsburgh","PA","Hospital care ",2005,60000,"",""
"The Pittsburgh Foundation","PA","University of Pittsburgh Medical Center","Pittsburgh","PA","Heart and circulatory system diseases ",2005,25000,"Program support","For UPMC Cardiovascular Institute"
"Judy and Peter Blum Kovler Foundation","DC","University of Pittsburgh Medical Center","Pittsburgh","PA","Hospital care ",2005,20000,"",""
"The Pittsburgh Foundation","PA","University of Pittsburgh Medical Center - Cancer Institute","Pittsburgh","PA","Breast cancer ",2005,10000,"Research","For Breast Cancer Research"
"Pnc Foundation","PA","University of Pittsburgh Medical Center - Cancer Institute","Pittsburgh","PA","Cancers ",2005,10000,"Research",""
"Pnc Foundation","PA","University of Pittsburgh Medical Center - Cancer Institute","Pittsburgh","PA","Cancers ",2005,10000,"Research",""
"Alfred P. Sloan Foundation","NY","University of Pittsburgh Medical Center","Pittsburgh","PA","National security ",2004,2000000,"Program support","For Center for Biosecurity, formerly Center for Civilian Biodefense Studies at Johns Hopkins"
"Nuclear Threat Initiative Inc","DC","University of Pittsburgh Medical Center - Center for Biosecurity","Pittsburgh","PA","Arms control ",2004,1062330,"Program support;Research","To work with many communities, including scientific, on project that examines what can be done to constrain harmful use of biological research and development without unduly encumbering pursuit of science for scholarly or beneficent ends"
"The Pittsburgh Foundation","PA","University of Pittsburgh Medical Center","Pittsburgh","PA","Brain and nervous system disorders ",2004,200000,"Research","For research project: Unlocking Mechanism of Action of MeCP2 in Rett Syndrome:  Chromation Connection, by Sanford H. Leuba, PhD"
"Metlife Foundation","NY","University of Pittsburgh Medical Center","Pittsburgh","PA","Diseases and conditions ",2004,200000,"Awards, prizes and competitions;Research;Research and evaluation","For Institutional Award for Medical Research"
"Hillman Family Foundations","PA","University of Pittsburgh Medical Center - Cancer Institute","Pittsburgh","PA","Cancers ",2004,185125,"Research","Toward Hillman Foundation Grant: Targeted Imaging of Cancer through Peptide-Guided Magnetic Resonance Imaging Agents"
"The Pittsburgh Foundation","PA","University of Pittsburgh Medical Center","Pittsburgh","PA","Cancers ",2004,150000,"Research","For research project: Immunotherapy of Cutaneous T-Cell Lymphoma by Larisa J. Geskin, MD"
"The Pittsburgh Foundation","PA","University of Pittsburgh Medical Center","Pittsburgh","PA","Biology ",2004,120000,"Research","For research project: Structure of UV-DDB, Protein Complex Which is Defective in Cancer-Prone Xeroderma by Vesna Rapic Otrin, PhD"
"Hillman Family Foundations","PA","University of Pittsburgh Medical Center - Cancer Institute","Pittsburgh","PA","Prostate cancer ",2004,120000,"Research","Toward Hillman Foundation Grant: Identification of Prostate Cancer Stem Cells"
"Hillman Family Foundations","PA","University of Pittsburgh Medical Center - Cancer Institute","Pittsburgh","PA","Breast cancer ",2004,114375,"Research","Toward Hillman Foundation Grant: Tumor Cells in Metastatic Breast Cancer"
"Hillman Family Foundations","PA","University of Pittsburgh Medical Center - Cancer Institute","Pittsburgh","PA","Cancers ",2004,112500,"Research","Toward Hillman Foundation Grant: Development of Anti-Angiogenesis Experimental Therapeutics"
"Hillman Family Foundations","PA","University of Pittsburgh Medical Center - Cancer Institute","Pittsburgh","PA","Cancers ",2004,103500,"Research","Toward Hillman Foundation Grant: Luminex Analysis of Multiple Serum Markers for Early Diagnosis of Ovarian Cancer"
"The Pittsburgh Foundation","PA","University of Pittsburgh Medical Center","Pittsburgh","PA","Cancers ",2004,100000,"Research","For research project: Immunosuppression in Cancer: Matter of Malnutrition, by Juan B. Ochoa, M.D"
"The Pittsburgh Foundation","PA","University of Pittsburgh Medical Center","Pittsburgh","PA","Heart and circulatory system diseases ",2004,90000,"Research","For research project: Differentiation therapy for end stage cardiomyopathy, study using autologous bone marrow and peripheral blood derived progenitor cells by Robert L. Kormos, MD"
"The Pittsburgh Foundation","PA","University of Pittsburgh Medical Center","Pittsburgh","PA","Biology ",2004,75000,"Research","For research project: Human Herpesvirus 8: Viral Co-factor in Human Prostate Cancer by Frank J. Jenkins, PhD"
"Hillman Family Foundations","PA","University of Pittsburgh Medical Center - Cancer Institute","Pittsburgh","PA","Cancers ",2004,75000,"Research","Toward Hillman Foundation Grant: Targeting Human Papillomavirus E7 Protein for Immunotherapy of Head and Neck Cancer Patients"
"Hillman Family Foundations","PA","University of Pittsburgh Medical Center - Cancer Institute","Pittsburgh","PA","Cancers ",2004,75000,"Research","Toward Hillman Foundation Grant: Determinant Spreading in Melanoma Immunotherapy"
"Hillman Family Foundations","PA","University of Pittsburgh Medical Center - Cancer Institute","Pittsburgh","PA","Biology ",2004,57000,"Research","Toward Hillman Foundation Grant: The Immunobiology of Cancer and Aging"
"Hillman Family Foundations","PA","University of Pittsburgh Medical Center - Cancer Institute","Pittsburgh","PA","Biomedicine ",2004,24750,"Research","Toward Hillman Foundation Grant: Development of Biomarkers for Adenocarcinoma of the Pancreas"
"Robert Wood Johnson Foundation","NJ","University of Pittsburgh Medical Center","Pittsburgh","PA","Hospital care ",2004,14998,"Conferences and exhibits","To include nursing faculty at Medical Response Teams Conference"
"Rockwell Foundation","PA","University of Pittsburgh Medical Center","Pittsburgh","PA","Hospital care ",2004,10000,"",""
"Bny Mellon Foundation of Southwestern Pa","PA","University of Pittsburgh Medical Center","Pittsburgh","PA","Internal medicine ",2004,10000,"Professorships;Research","For George H. Taber Chair in General Internal Medicine"
"Bny Mellon Foundation of Southwestern Pa","PA","University of Pittsburgh Medical Center","Pittsburgh","PA","Internal medicine ",2004,10000,"Professorships;Research","For George H. Taber Chair in General Internal Medicine"
"Hillman Family Foundations","PA","University of Pittsburgh Medical Center - Cancer Institute","Pittsburgh","PA","Cancers ",2004,9375,"Research","Toward Hillman Foundation Grant: Gene Expression Analysis of Human Papillomarvirus-Associated SCCHN"
"EQT Foundation","PA","University of Pittsburgh Medical Center","Pittsburgh","PA","Hospital care ",2004,6750,"",""
"The Pittsburgh Foundation","PA","University of Pittsburgh Medical Center","Pittsburgh","PA","Hospital care ",2004,5000,"",""
"The Pittsburgh Foundation","PA","University of Pittsburgh Medical Center","Pittsburgh","PA","Hospital care ",2004,5000,"",""
"The Pittsburgh Foundation","PA","University of Pittsburgh Medical Center","Pittsburgh","PA","Hospital care ",2004,5000,"",""
"The Pittsburgh Foundation","PA","University of Pittsburgh Medical Center","Pittsburgh","PA","Hospital care ",2004,5000,"",""
"The Pittsburgh Foundation","PA","University of Pittsburgh Medical Center","Pittsburgh","PA","Hospital care ",2004,5000,"",""
"The Pittsburgh Foundation","PA","University of Pittsburgh Medical Center","Pittsburgh","PA","Hospital care ",2004,5000,"",""
"The Pittsburgh Foundation","PA","University of Pittsburgh Medical Center","Pittsburgh","PA","Hospital care ",2004,5000,"",""
"The Pittsburgh Foundation","PA","University of Pittsburgh Medical Center","Pittsburgh","PA","Hospital care ",2004,5000,"",""
"The Pittsburgh Foundation","PA","University of Pittsburgh Medical Center","Pittsburgh","PA","Hospital care ",2004,5000,"",""
"The Pittsburgh Foundation","PA","University of Pittsburgh Medical Center","Pittsburgh","PA","Hospital care ",2004,5000,"",""
"The Pittsburgh Foundation","PA","University of Pittsburgh Medical Center","Pittsburgh","PA","Hospital care ",2004,5000,"",""
"The Pittsburgh Foundation","PA","University of Pittsburgh Medical Center","Pittsburgh","PA","Hospital care ",2004,5000,"",""
"The Pittsburgh Foundation","PA","University of Pittsburgh Medical Center","Pittsburgh","PA","Hospital care ",2004,5000,"",""
"The Pittsburgh Foundation","PA","University of Pittsburgh Medical Center","Pittsburgh","PA","Hospital care ",2004,5000,"",""
"Hillman Family Foundations","PA","University of Pittsburgh Medical Center - Cancer Institute","Pittsburgh","PA","Cancers ",2004,5000,"General support;Research","For unrestricted support"
"The Pittsburgh Foundation","PA","University of Pittsburgh Medical Center","Pittsburgh","PA","Hospital care ",2004,941,"",""
"The Pittsburgh Foundation","PA","University of Pittsburgh Medical Center","Pittsburgh","PA","Hospital care ",2004,941,"",""
"Mccune Foundation Pnc Bank Na","PA","University of Pittsburgh Medical Center - Cancer Institute","Pittsburgh","PA","Diseases and conditions ",2003,100000,"Capacity-building and technical assistance;Program support;Research","For expansion of Limbach Entrepreneurial Center in conjunction with establishment of Drew Mathieson Entrepreneurship Fund"
"The Pittsburgh Foundation","PA","University of Pittsburgh Medical Center","Pittsburgh","PA","Internal medicine ",2003,25000,"Professorships;Research","For George H. Taber Chair in Internal Medicine"
"Hillman Foundation","PA","University of Pittsburgh Medical Center","Pittsburgh","PA","Internal medicine ",2003,15000,"Endowments;Professorships","Toward endowment to establish George H. Taber Chair in General Internal Medicine"
"Ppg Industries Foundation","PA","University of Pittsburgh Medical Center","Pittsburgh","PA","Organ and tissue banks ",2003,10050,"Program support","For Thomas E. Starzl Transplantation Institute"
"The Frazier Foundation","FL","University of Pittsburgh Medical Center","Pittsburgh","PA","Education ",2024,75000,"","PROVIDE ASSISTANCE WITH CHARITY&#039;S EXEMPT PURPOSE"
"Rheumatology Research Foundation","GA","University of Pittsburgh Medical Center","Pittsburgh","PA","Job creation and workforce development ",2024,50000,"Fellowships;Awards, prizes and competitions","Fellowship Training Award for Workforce Expansion"
"United Way of Southwestern Pennsylvania","PA","University of Pittsburgh Medical Center - Thomas E. Starzl Transplantation Institute","Pittsburgh","PA"," ",2024,8404,"","DONOR DESIGNATION"
"George and Melodie Rogers Foundation","CA","University of Pittsburgh Medical Center","Pittsburgh","PA","Hospital care ",2023,1000000,"General support","GENERAL CONTRIBUTION"
"Foundation for Anesthesia Education and Research","IL","University of Pittsburgh Medical Center","Pittsburgh","PA"," ",2023,250000,"Research","Aims to help anesthesiologists develop the skills, preliminary data for subsequent grant applications and research publications needed to become independent investigators."
"Rheumatology Research Foundation","GA","University of Pittsburgh Medical Center","Pittsburgh","PA","Hospital care ",2023,25000,"Fellowships","FELLOWSHIP TRAINING AWARD FOR WORKFORCE EXPANSION"
"James Frances Mccandless Trust","PA","University of Pittsburgh Medical Center - Horizon Community Health","Pittsburgh","PA"," ",2023,20000,"Collections management and preservation;Equal access","MERP INVENTORY ACCESS"
"John R Lucash Scholarship Trust","AL","University of Pittsburgh Medical Center","Pittsburgh","PA","Hospital care ",2023,16560,"Scholarships","SCHOLARSHIPS"
"The Pittsburgh Foundation","PA","University of Pittsburgh Medical Center","Pittsburgh","PA","Hospital care ",2023,15067,"Research","for support of research of dreaded diseases."
"Elizabeth Buford Shepherd Scholarship","AL","University of Pittsburgh Medical Center","Pittsburgh","PA","Hospital care ",2023,13500,"Scholarships","SCHOLARSHIPS"
"Jewish Federation of Greater Pittsburgh","PA","University of Pittsburgh Medical Center","Pittsburgh","PA","Hospital care ",2023,10000,"Program support;General support","PROGRAM SUPPORT"
"John Allen Thresh Memorial Trust","AL","University of Pittsburgh Medical Center","Pittsburgh","PA","Hospital care ",2023,10000,"Scholarships","SCHOLARSHIPS"
"Endocrine Fellows Foundations","CT","University of Pittsburgh Medical Center","Pittsburgh","PA","Hospital care ",2023,10000,"","Research and education"
"Mary Ann Walters Scholarship Funds Trust Uw","PA","University of Pittsburgh Medical Center","Pittsburgh","PA"," ",2023,3800,"Scholarships","SCHOLARSHIP"
"The Pittsburgh Foundation","PA","University of Pittsburgh Medical Center","Pittsburgh","PA","Hospital care ",2023,2923,"Program support","for the education of plastic surgery residents at the University of Pittsburgh Medical Center."
"The Pittsburgh Foundation","PA","University of Pittsburgh Medical Center","Pittsburgh","PA","Hospital care ",2023,2320,"General support","for cardiology research at UPMC Presbyterian Hospital."
"The Pittsburgh Foundation","PA","University of Pittsburgh Medical Center","Pittsburgh","PA","Hospital care ",2023,2258,"General support","for support of Montefiore Hospital."
"The Pittsburgh Foundation","PA","University of Pittsburgh Medical Center","Pittsburgh","PA","Hospital care ",2023,1307,"General support","for general operating support."
"The Pittsburgh Foundation","PA","University of Pittsburgh Medical Center","Pittsburgh","PA","Hospital care ",2023,1027,"Scholarships","for the Cardiovascular Institute for The Dr. Mark E. Thompson Cardiology Research Fellowship Award."
"The Pittsburgh Foundation","PA","University of Pittsburgh Medical Center","Pittsburgh","PA","Hospital care ",2023,1000,"General support","for department of Urology."
"The Pittsburgh Foundation","PA","University of Pittsburgh Medical Center","Pittsburgh","PA","Hospital care ",2023,833,"General support","for general operating support of UPMC Jameson."
"The Pittsburgh Foundation","PA","University of Pittsburgh Medical Center","Pittsburgh","PA","Hospital care ",2023,558,"General support","for support of Montefiore Hospital. Not to be used for operating expenses or building maintenance."
"The Pittsburgh Foundation","PA","University of Pittsburgh Medical Center","Pittsburgh","PA","Hospital care ",2023,286,"General support","for general operating support."
"J. William Warehime Foundation","PA","University of Pittsburgh Medical Center","Pittsburgh","PA","Hospital care ",2022,100000,"","CHARITABLE"
"Women As One Inc","MD","University of Pittsburgh Medical Center","Pittsburgh","PA","Hospital care ",2022,50000,"","RESEARCH GRANT"
"The Foundation for Surgical Fellowships","CA","University of Pittsburgh Medical Center","Pittsburgh","PA","Hospital care ",2022,40000,"General support","General Support"
"The Pittsburgh Foundation","PA","University of Pittsburgh Medical Center","Pittsburgh","PA","Hospital care ",2022,14479,"Research","for support of research of dreaded diseases."
"The Pittsburgh Foundation","PA","University of Pittsburgh Medical Center","Pittsburgh","PA","Hospital care ",2022,5964,"Research","for cardiology research at UPMC Presbyterian Hospital."
"The Children's Hospital of Philadelphia","PA","University of Pittsburgh Medical Center - Health System","Pittsburgh","PA"," ",2022,5456,"Research","RESEARCH"
"The Pittsburgh Foundation","PA","University of Pittsburgh Medical Center","Pittsburgh","PA","Hospital care ",2022,2810,"Program support","for the education of plastic surgery residents at the University of Pittsburgh Medical Center."
"The Pittsburgh Foundation","PA","University of Pittsburgh Medical Center","Pittsburgh","PA","Hospital care ",2022,2167,"General support","for support of Montefiore Hospital."
"Hunter Legacy Family Foundation","MO","University of Pittsburgh Medical Center","Pittsburgh","PA","Hospital care ",2022,2000,"","CHARITABLE CONTRIBUTION"
"The Pittsburgh Foundation","PA","University of Pittsburgh Medical Center","Pittsburgh","PA","Hospital care ",2022,1261,"General support","for general operating support."
"The Pittsburgh Foundation","PA","University of Pittsburgh Medical Center","Pittsburgh","PA","Hospital care ",2022,1005,"Scholarships","for the Cardiovascular Institute for The Dr. Mark E. Thompson Cardiology Research Fellowship Award."
"The Pittsburgh Foundation","PA","University of Pittsburgh Medical Center","Pittsburgh","PA","Hospital care ",2022,1000,"Program support","for Urology Department Suppport."
"The Pittsburgh Foundation","PA","University of Pittsburgh Medical Center","Pittsburgh","PA","Hospital care ",2022,800,"General support","for general operating support of UPMC Jameson."
"The Pittsburgh Foundation","PA","University of Pittsburgh Medical Center","Pittsburgh","PA","Hospital care ",2022,536,"Program support","for support of Montefiore Hospital. Not to be used for operating expenses or building maintenance."
"The Pittsburgh Foundation","PA","University of Pittsburgh Medical Center","Pittsburgh","PA","Hospital care ",2022,260,"General support","for general support of the Neurology department."
"The Pittsburgh Foundation","PA","University of Pittsburgh Medical Center","Pittsburgh","PA","Hospital care ",2021,50000,"Research and evaluation","to be used as directed by Dr. Rock Hyman to support a Multiple Sclerosis Fellowship within the Department of Neurology at UPMC/University of Pittsburgh."
"The Foundation for Surgical Fellowships","CA","University of Pittsburgh Medical Center","Pittsburgh","PA","Hospital care ",2021,40000,"General support","General Support"
"The Pittsburgh Foundation","PA","University of Pittsburgh Medical Center","Pittsburgh","PA","Hospital care ",2021,39255,"Program support","to support the UPMC Mercy Hospital Burn Unit."
"The Pittsburgh Foundation","PA","University of Pittsburgh Medical Center","Pittsburgh","PA","Hospital care ",2021,14014,"Research and evaluation","for support of research of dreaded diseases."
"Cutaneous Lymphoma Foundation","MI","University of Pittsburgh Medical Center - Center for Biosecurity","Pittsburgh","PA"," ",2021,12500,"Research","RESEARCH"
"The Pittsburgh Foundation","PA","University of Pittsburgh Medical Center","Pittsburgh","PA","Hospital care ",2021,3726,"General support","for general operating support of UPMC Presbyterian Hospital."
"The Pittsburgh Foundation","PA","University of Pittsburgh Medical Center","Pittsburgh","PA","Hospital care ",2021,2799,"Program support","for the education of plastic surgery residents at the University of Pittsburgh Medical Center."
"The Pittsburgh Foundation","PA","University of Pittsburgh Medical Center","Pittsburgh","PA","Hospital care ",2021,2099,"General support","for support of Montefiore Hospital."
"The Pittsburgh Foundation","PA","University of Pittsburgh Medical Center","Pittsburgh","PA","Hospital care ",2021,2000,"General support","for the School of Medicine."
"The Pittsburgh Foundation","PA","University of Pittsburgh Medical Center","Pittsburgh","PA","Hospital care ",2021,1611,"General support","for general operating support of Montefiore Hospital."
"The Pittsburgh Foundation","PA","University of Pittsburgh Medical Center","Pittsburgh","PA","Hospital care ",2021,1221,"General support","for general operating support."
"The Pittsburgh Foundation","PA","University of Pittsburgh Medical Center","Pittsburgh","PA","Hospital care ",2021,1000,"Program support","for the Department of Urology."
"The Pittsburgh Foundation","PA","University of Pittsburgh Medical Center","Pittsburgh","PA","Hospital care ",2021,979,"Scholarships","for scholarship support."
"The Pittsburgh Foundation","PA","University of Pittsburgh Medical Center","Pittsburgh","PA","Hospital care ",2021,798,"General support","for general operating support of UPMC Jameson."
"The Pittsburgh Foundation","PA","University of Pittsburgh Medical Center","Pittsburgh","PA","Hospital care ",2021,518,"Program support","for support of Montefiore Hospital.  Not to be used for operating expenses or building maintenance."
"The Pittsburgh Foundation","PA","University of Pittsburgh Medical Center","Pittsburgh","PA","Hospital care ",2021,500,"General support","for the UPMC Heart and Vascular Institute."
"The Pittsburgh Foundation","PA","University of Pittsburgh Medical Center","Pittsburgh","PA","Hospital care ",2021,405,"General support","for support of Montefiore Hospital.  Not to be used for operating expenses or building maintenance."
"The Pittsburgh Foundation","PA","University of Pittsburgh Medical Center","Pittsburgh","PA","Hospital care ",2021,301,"Research and evaluation","for cardiology research at UPMC Presbyterian Hospital."
"The Foundation for Surgical Fellowships","CA","University of Pittsburgh Medical Center","Pittsburgh","PA","Hospital care ",2020,70000,"General support","General Support"
"The Frank E Rath Spang & Company Charitable Trust","PA","University of Pittsburgh Medical Center","Pittsburgh","PA","Graduate and professional education ",2020,50000,"General support","Unrestricted contribution to public charity"
"Myers Family Foundation","PA","University of Pittsburgh Medical Center - Health System","Pittsburgh","PA"," ",2020,35000,"","SOREL AND ANNIE MYERS FUND"
"The Pittsburgh Foundation","PA","University of Pittsburgh Medical Center","Pittsburgh","PA","Hospital care ",2020,25000,"Research","For the UPMC Alzheimer&#039;s Disease Prevention Research Fund for Alzheimers Research."
"The Pittsburgh Foundation","PA","University of Pittsburgh Medical Center","Pittsburgh","PA","Hospital care ",2020,13863,"Research","For support of research of dreaded diseases."
"The Pittsburgh Foundation","PA","University of Pittsburgh Medical Center","Pittsburgh","PA","Hospital care ",2020,5400,"","For support of Montefiore Hospital."
"Donna & Harry B McDonald Charitable Tr","OH","University of Pittsburgh Medical Center","Pittsburgh","PA","Hospital care ",2020,5000,"General support","General operating"
"The Pittsburgh Foundation","PA","University of Pittsburgh Medical Center","Pittsburgh","PA","Cardiology ",2020,3176,"Research","For cardiac arrhythmia research such as the research conducted by David Schwartzman, MD.."
"Hunter Legacy Family Foundation","MO","University of Pittsburgh Medical Center","Pittsburgh","PA","Hospital care ",2020,3000,"","CHARITABLE CONTRIBUTION"
"The Pittsburgh Foundation","PA","University of Pittsburgh Medical Center","Pittsburgh","PA","Medical specialties ",2020,2796,"","For the education of plastic surgery residents at the University of Pittsburgh Medical Center."
"The Pittsburgh Foundation","PA","University of Pittsburgh Medical Center","Pittsburgh","PA","Hospital care ",2020,2086,"","For support of Montefiore Hospital."
"The Pittsburgh Foundation","PA","University of Pittsburgh Medical Center","Pittsburgh","PA","Hospital care ",2020,1209,"General support","For general operating support."
"The Pittsburgh Foundation","PA","University of Pittsburgh Medical Center","Pittsburgh","PA","Medical specialties ",2020,1000,"","For the Department of Urology."
"The Pittsburgh Foundation","PA","University of Pittsburgh Medical Center","Pittsburgh","PA","Health ",2020,978,"Fellowships;Research","For the Cardiovascular Institute for The DR. Mark E. Thompson Cardiology Research Fellowship Award."
"The Pittsburgh Foundation","PA","University of Pittsburgh Medical Center","Pittsburgh","PA","Hospital care ",2020,921,"General support","For general operating support of UPMC Jameson."
"The Pittsburgh Foundation","PA","University of Pittsburgh Medical Center","Pittsburgh","PA","Health ",2020,512,"General support","For support of Montefiore Hospital. Not to be used for operating expenses or building maintenance."
"The Pittsburgh Foundation","PA","University of Pittsburgh Medical Center","Pittsburgh","PA","Health ",2020,312,"Research","For cardiology research at UPMC Presbyterian Hospital."
"The Pittsburgh Foundation","PA","University of Pittsburgh Medical Center","Pittsburgh","PA","Alumni relations ",2020,200,"Program support","For the Medical Alumni Fund for the Student Resource Fund."
"Zurn Foundation Inc (fka Rexnord Foundation Inc)","WI","University of Pittsburgh Medical Center","Pittsburgh","PA","Hospital care ",2020,50,"","Helath"
"The Foundation for Surgical Fellowships","CA","University of Pittsburgh Medical Center","Pittsburgh","PA","Hospital care ",2019,110000,"General support","General Support"
"Citrone Foundation Inc","CT","University of Pittsburgh Medical Center","Pittsburgh","PA","Health ",2019,52500,"Research","To support the advancement of medical research"
"National Psoriasis Foundation","VA","University of Pittsburgh Medical Center","Pittsburgh","PA","Education ",2019,50000,"Research","Early career research grant"
"The Frank E Rath Spang & Company Charitable Trust","PA","University of Pittsburgh Medical Center","Pittsburgh","PA","Graduate and professional education ",2019,50000,"General support","Unrestricted contribution to public charity"
"Fidelity Investments Charitable Gift Fund","MA","University of Pittsburgh Medical Center","Pittsburgh","PA","Hospital care ",2019,50000,"","For grant recipient&#039;s exempt purposes"
"Huntington's Disease Society of America, Inc.","NY","University of Pittsburgh Medical Center","Pittsburgh","PA","Hospital care ",2019,35000,"","Community Services"
"John H Pelusi Jr and Kathleen J Pelusi Family Foundation","PA","University of Pittsburgh Medical Center","Pittsburgh","PA","Ear, nose and throat diseases ",2019,20000,"","Children&#039;s hospital foundation and the eye and ear foundation"
"The Pittsburgh Foundation","PA","University of Pittsburgh Medical Center","Pittsburgh","PA","Hospital care ",2019,13486,"Research","For support of research of dreaded diseases."
"The Pittsburgh Foundation","PA","University of Pittsburgh Medical Center","Pittsburgh","PA","Health ",2019,11186,"","For distribution among the PGY 1 and PGY 2 Osteopathic Residents from WPA."
"The Pittsburgh Foundation","PA","University of Pittsburgh Medical Center","Pittsburgh","PA","Cancers ",2019,10000,"Research","For Urological Cancer research"
"Donor Advised Charitable Giving, Inc. (dba: DAFgiving360)","CO","University of Pittsburgh Medical Center","Pittsburgh","PA","Arts councils ",2019,7000,"","Arts, culture &amp; humanities"
"The Pittsburgh Foundation","PA","University of Pittsburgh Medical Center","Pittsburgh","PA","Health ",2019,6359,"Research","For cardiology research at UPMC Presbyterian Hospital."
"The Fraternal Order of Eagles Foundation","OH","University of Pittsburgh Medical Center","Pittsburgh","PA","Hospital care ",2019,5000,"","Equipment/supplies"
"The Pittsburgh Foundation","PA","University of Pittsburgh Medical Center","Pittsburgh","PA","Cardiology ",2019,3105,"Research","For cardiac arrhythmia research, such as the research conducted by David Schwartzman, MD."
"Russell Charitable Foundation C/o Andrew K Russell","OR","University of Pittsburgh Medical Center","Pittsburgh","PA","Hospital care ",2019,3000,"","Donation"
"Human Rights Campaign Foundation","MO","University of Pittsburgh Medical Center","Pittsburgh","PA","Hospital care ",2019,3000,"","Charitable contribution"
"The Pittsburgh Foundation","PA","University of Pittsburgh Medical Center","Pittsburgh","PA","Medical specialties ",2019,2714,"","For the education of plastic surgery residents at the University of Pittsburgh Medical Center."
"The Pittsburgh Foundation","PA","University of Pittsburgh Medical Center","Pittsburgh","PA","Health ",2019,2066,"Research","For cardiology research at UPMC Presbyterian Hospital."
"The Pittsburgh Foundation","PA","University of Pittsburgh Medical Center","Pittsburgh","PA","Hospital care ",2019,2039,"","For support of Montefiore Hospital."
"The Pittsburgh Foundation","PA","University of Pittsburgh Medical Center","Pittsburgh","PA","Hospital care ",2019,2000,"General support","For general operating support"
"The Pittsburgh Foundation","PA","University of Pittsburgh Medical Center","Pittsburgh","PA","Hospital care ",2019,1176,"General support","For general operating support."
"The Pittsburgh Foundation","PA","University of Pittsburgh Medical Center","Pittsburgh","PA","Health ",2019,1000,"","For the Cardiac Amyloidosis Center for the Current Use Fund."
"The Pittsburgh Foundation","PA","University of Pittsburgh Medical Center","Pittsburgh","PA","Health ",2019,959,"Fellowships;Research","For the Cardiovascular Institute for The DR. Mark E. Thompson Cardiology Research Fellowship Award."
"The Pittsburgh Foundation","PA","University of Pittsburgh Medical Center","Pittsburgh","PA","Health ",2019,501,"General support","For support of Montefiore Hospital. Not to be used for operating expenses or building maintenance."
